automated_detection,count,share,platform_name
Yes,108027346,0.987205798270857,TikTok
No,1400036,0.012794201729143077,TikTok
No,50933,1.0,X
